year,institution_name,intl_students_all,leading_inst_rank,state,control,carnegie,tuition_oos,latitude,longitude,qs_rank,qs_rank_2020,qs_rank_2016,has_strong_stem,pct_programs_stem,qs_rank_log,korean_pop,national_total_korean
2000,New York University,5399,1,NY,Private nonprofit,15,58168.0,40.729452,-73.997264,35.0,39.0,46.0,1.0,0.38,3.58351893845611,139793.0,45685
2000,University of Southern California,5321,2,CA,Private nonprofit,15,63468.0,34.021281,-118.284169,111.0,152.0,151.0,1.0,0.42,4.718498871295094,452847.0,45685
2000,Columbia University,4837,3,NY,Private nonprofit,15,65524.0,36.087962,-80.250153,12.0,18.0,16.0,1.0,0.44,2.5649493574615367,139793.0,45685
2000,Purdue University West Lafayette,4469,4,IN,Public,15,28794.0,41.117278,-85.108962,,,,,,,6271.0,45685
2000,Boston University,4443,5,MA,Private nonprofit,15,60050.0,42.351118,-71.107942,90.0,90.0,87.0,1.0,0.4,4.51085950651685,13271.0,45685
2000,University of Texas Austin,4320,6,TX,Public,15,40032.0,30.282825,-97.738273,67.0,71.0,76.0,1.0,0.5,4.219507705176107,71914.0,45685
2000,Ohio State University Columbus,4035,7,OH,Public,15,33502.0,32.50096,-84.94106,,,,,,,14271.0,45685
2000,University of Michigan Ann Arbor,4004,8,MI,Public,15,52266.0,42.278374,-83.73481,,,,,,,16271.0,45685
2000,University of Wisconsin Madison,3938,9,WI,Public,15,38730.0,44.798284,-91.501906,,,,,,,,45685
2000,Northern Virginia Community College,3877,10,VA,Public,40,9000.0,38.833361,-77.236718,,,,,,,58271.0,45685
2000,University of Illinois Urbana-Champaign,3798,11,IL,Public,15,32000.0,40.104718,-88.229114,58.0,53.0,52.0,1.0,0.55,4.07753744390572,46614.0,45685
2000,Florida International University,3603,12,FL,Public,15,18956.0,25.75732,-80.373928,,,,,,,28271.0,45685
2000,Texas A&M University College Station,3587,13,TX,Public,15,38360.0,33.082787,-83.231962,,,,,,,71914.0,45685
2000,University of Pennsylvania,3487,14,PA,Private nonprofit,15,63452.0,39.950929,-75.19391,,,,,,,31271.0,45685
2000,University of Maryland College Park,3480,15,MD,Public,15,40806.0,38.988178,-76.944721,,,,,,,53793.0,45685
2000,Harvard University,3377,16,MA,Private nonprofit,15,56550.0,42.374471,-71.118313,4.0,3.0,3.0,1.0,0.42,1.6094379124341003,13271.0,45685
2000,University of Minnesota Twin Cities,3356,17,MN,Public,15,33325.0,44.972851,-93.235464,,,,,,,7271.0,45685
2000,Pennsylvania State University University Park,3288,18,PA,Public,15,42000.0,40.358839,-75.97329,,,,,,,31271.0,45685
2000,Indiana University Bloomington,3284,19,IN,Public,15,37040.0,41.902678,-87.823003,,,,,,,6271.0,45685
2000,Montgomery College,3264,20,MD,Public,40,9000.0,39.098656,-77.15929,,,,,,,53793.0,45685
2000,Houston Community College System,3201,21,TX,Public,40,6000.0,29.742114,-95.377319,,,,,,,71914.0,45685
2000,CUNY Baruch College,3135,22,NY,Public,18,18600.0,40.740238,-73.983417,,,,,,,139793.0,45685
2000,University of Florida,3039,23,FL,Public,15,28658.0,29.64629,-82.347911,,,,,,,28271.0,45685
2000,Cornell University,3024,24,NY,Private nonprofit,15,63200.0,42.4472,-76.483084,,,,,,,139793.0,45685
2000,University of Houston,3010,25,TX,Public,15,22906.0,29.720393,-95.343537,,,,,,,71914.0,45685
2001,University of Southern California,5950,1,CA,Private nonprofit,15,63468.0,34.021281,-118.284169,111.0,152.0,151.0,1.0,0.42,4.718498871295094,452847.0,49046
2001,New York University,5504,2,NY,Private nonprofit,15,58168.0,40.729452,-73.997264,35.0,39.0,46.0,1.0,0.38,3.58351893845611,139793.0,49046
2001,Columbia University,5116,3,NY,Private nonprofit,15,65524.0,36.087962,-80.250153,12.0,18.0,16.0,1.0,0.44,2.5649493574615367,139793.0,49046
2001,Purdue University West Lafayette,4695,4,IN,Public,15,28794.0,41.117278,-85.108962,,,,,,,6271.0,49046
2001,University of Texas Austin,4673,5,TX,Public,15,40032.0,30.282825,-97.738273,67.0,71.0,76.0,1.0,0.5,4.219507705176107,71914.0,49046
2001,Boston University,4412,6,MA,Private nonprofit,15,60050.0,42.351118,-71.107942,90.0,90.0,87.0,1.0,0.4,4.51085950651685,13271.0,49046
2001,Ohio State University Columbus,4302,7,OH,Public,15,33502.0,32.50096,-84.94106,,,,,,,14271.0,49046
2001,University of Illinois Urbana-Champaign,4287,8,IL,Public,15,32000.0,40.104718,-88.229114,58.0,53.0,52.0,1.0,0.55,4.07753744390572,46614.0,49046
2001,University of Michigan Ann Arbor,4149,9,MI,Public,15,52266.0,42.278374,-83.73481,,,,,,,16271.0,49046
2001,University of Florida,3884,10,FL,Public,15,28658.0,29.64629,-82.347911,,,,,,,28271.0,49046
2001,University of Pennsylvania,3820,11,PA,Private nonprofit,15,63452.0,39.950929,-75.19391,,,,,,,31271.0,49046
2001,University of Wisconsin Madison,3744,12,WI,Public,15,38730.0,44.798284,-91.501906,,,,,,,,49046
2001,Florida International University,3723,13,FL,Public,15,18956.0,25.75732,-80.373928,,,,,,,28271.0,49046
2001,University of Maryland College Park,3711,14,MD,Public,15,40806.0,38.988178,-76.944721,,,,,,,53793.0,49046
2001,Texas A&M University College Station,3563,15,TX,Public,15,38360.0,33.082787,-83.231962,,,,,,,71914.0,49046
2001,Pennsylvania State University University Park,3484,16,PA,Public,15,42000.0,40.358839,-75.97329,,,,,,,31271.0,49046
2001,Houston Community College System,3484,17,TX,Public,40,6000.0,29.742114,-95.377319,,,,,,,71914.0,49046
2001,Harvard University,3448,18,MA,Private nonprofit,15,56550.0,42.374471,-71.118313,4.0,3.0,3.0,1.0,0.42,1.6094379124341003,13271.0,49046
2001,University of Houston,3380,19,TX,Public,15,22906.0,29.720393,-95.343537,,,,,,,71914.0,49046
2001,University of Minnesota Twin Cities,3356,20,MN,Public,15,33325.0,44.972851,-93.235464,,,,,,,7271.0,49046
2001,Arizona State University Tempe,3348,21,AZ,Public,15,32100.0,34.74582,-92.28758,,,,,,,7271.0,49046
2001,Indiana University Bloomington,3325,22,IN,Public,15,37040.0,41.902678,-87.823003,,,,,,,6271.0,49046
2001,SUNY University at Buffalo,3237,23,NY,Public,15,27000.0,43.000942,-78.789458,,,,,,,139793.0,49046
2001,Wayne State University,3233,24,MI,Public,15,30000.0,42.358994,-83.068998,,,,,,,16271.0,49046
2001,Montgomery College,3217,25,MD,Public,40,9000.0,39.098656,-77.15929,,,,,,,53793.0,49046
2002,University of Southern California,6270,1,CA,Private nonprofit,15,63468.0,34.021281,-118.284169,111.0,152.0,151.0,1.0,0.42,4.718498871295094,452847.0,51519
2002,New York University,5454,2,NY,Private nonprofit,15,58168.0,40.729452,-73.997264,35.0,39.0,46.0,1.0,0.38,3.58351893845611,139793.0,51519
2002,Columbia University,5148,3,NY,Private nonprofit,15,65524.0,36.087962,-80.250153,12.0,18.0,16.0,1.0,0.44,2.5649493574615367,139793.0,51519
2002,Purdue University West Lafayette,5015,4,IN,Public,15,28794.0,41.117278,-85.108962,,,,,,,6271.0,51519
2002,University of Texas Austin,4926,5,TX,Public,15,40032.0,30.282825,-97.738273,67.0,71.0,76.0,1.0,0.5,4.219507705176107,71914.0,51519
2002,University of Michigan Ann Arbor,4601,6,MI,Public,15,52266.0,42.278374,-83.73481,,,,,,,16271.0,51519
2002,University of Illinois Urbana-Champaign,4555,7,IL,Public,15,32000.0,40.104718,-88.229114,58.0,53.0,52.0,1.0,0.55,4.07753744390572,46614.0,51519
2002,Boston University,4518,8,MA,Private nonprofit,15,60050.0,42.351118,-71.107942,90.0,90.0,87.0,1.0,0.4,4.51085950651685,13271.0,51519
2002,University of Wisconsin Madison,4396,9,WI,Public,15,38730.0,44.798284,-91.501906,,,,,,,,51519
2002,Ohio State University Columbus,4334,10,OH,Public,15,33502.0,32.50096,-84.94106,,,,,,,14271.0,51519
2002,University of California Los Angeles,3927,11,CA,Public,15,43473.0,34.07178,-118.442179,44.0,40.0,40.0,1.0,0.47,3.8066624897703196,452847.0,51519
2002,University of Pennsylvania,3856,12,PA,Private nonprofit,15,63452.0,39.950929,-75.19391,,,,,,,31271.0,51519
2002,Florida International University,3741,13,FL,Public,15,18956.0,25.75732,-80.373928,,,,,,,28271.0,51519
2002,University of Maryland College Park,3734,14,MD,Public,15,40806.0,38.988178,-76.944721,,,,,,,53793.0,51519
2002,Texas A&M University College Station,3702,15,TX,Public,15,38360.0,33.082787,-83.231962,,,,,,,71914.0,51519
2002,Pennsylvania State University University Park,3681,16,PA,Public,15,42000.0,40.358839,-75.97329,,,,,,,31271.0,51519
2002,SUNY University at Buffalo,3628,17,NY,Public,15,27000.0,43.000942,-78.789458,,,,,,,139793.0,51519
2002,University of Florida,3547,18,FL,Public,15,28658.0,29.64629,-82.347911,,,,,,,28271.0,51519
2002,Houston Community College System,3507,19,TX,Public,40,6000.0,29.742114,-95.377319,,,,,,,71914.0,51519
2002,Indiana University Bloomington,3495,20,IN,Public,15,37040.0,41.902678,-87.823003,,,,,,,6271.0,51519
2002,Harvard University,3459,21,MA,Private nonprofit,15,56550.0,42.374471,-71.118313,4.0,3.0,3.0,1.0,0.42,1.6094379124341003,13271.0,51519
2002,University of Houston,3358,22,TX,Public,15,22906.0,29.720393,-95.343537,,,,,,,71914.0,51519
2002,University of Minnesota Twin Cities,3351,23,MN,Public,15,33325.0,44.972851,-93.235464,,,,,,,7271.0,51519
2002,Arizona State University Tempe,3268,24,AZ,Public,15,32100.0,34.74582,-92.28758,,,,,,,7271.0,51519
2002,Wayne State University,3224,25,MI,Public,15,30000.0,42.358994,-83.068998,,,,,,,16271.0,51519
2003,University of Southern California,6647,1,CA,Private nonprofit,15,63468.0,34.021281,-118.284169,111.0,152.0,151.0,1.0,0.42,4.718498871295094,452847.0,52484
2003,Columbia University,5362,2,NY,Private nonprofit,15,65524.0,36.087962,-80.250153,12.0,18.0,16.0,1.0,0.44,2.5649493574615367,139793.0,52484
2003,Purdue University West Lafayette,5094,3,IN,Public,15,28794.0,41.117278,-85.108962,,,,,,,6271.0,52484
2003,New York University,5070,4,NY,Private nonprofit,15,58168.0,40.729452,-73.997264,35.0,39.0,46.0,1.0,0.38,3.58351893845611,139793.0,52484
2003,University of Texas Austin,4827,5,TX,Public,15,40032.0,30.282825,-97.738273,67.0,71.0,76.0,1.0,0.5,4.219507705176107,71914.0,52484
2003,University of Illinois Urbana-Champaign,4769,6,IL,Public,15,32000.0,40.104718,-88.229114,58.0,53.0,52.0,1.0,0.55,4.07753744390572,46614.0,52484
2003,University of Michigan Ann Arbor,4583,7,MI,Public,15,52266.0,42.278374,-83.73481,,,,,,,16271.0,52484
2003,Boston University,4518,8,MA,Private nonprofit,15,60050.0,42.351118,-71.107942,90.0,90.0,87.0,1.0,0.4,4.51085950651685,13271.0,52484
2003,University of California Los Angeles,4320,9,CA,Public,15,43473.0,34.07178,-118.442179,44.0,40.0,40.0,1.0,0.47,3.8066624897703196,452847.0,52484
2003,Ohio State University Columbus,4263,10,OH,Public,15,33502.0,32.50096,-84.94106,,,,,,,14271.0,52484
2003,Texas A&M University College Station,3815,11,TX,Public,15,38360.0,33.082787,-83.231962,,,,,,,71914.0,52484
2003,University of Maryland College Park,3726,12,MD,Public,15,40806.0,38.988178,-76.944721,,,,,,,53793.0,52484
2003,Indiana University Bloomington,3715,13,IN,Public,15,37040.0,41.902678,-87.823003,,,,,,,6271.0,52484
2003,Pennsylvania State University University Park,3693,14,PA,Public,15,42000.0,40.358839,-75.97329,,,,,,,31271.0,52484
2003,SUNY University at Buffalo,3664,15,NY,Public,15,27000.0,43.000942,-78.789458,,,,,,,139793.0,52484
2003,University of Pennsylvania,3557,16,PA,Private nonprofit,15,63452.0,39.950929,-75.19391,,,,,,,31271.0,52484
2003,University of Wisconsin Madison,3435,17,WI,Public,15,38730.0,44.798284,-91.501906,,,,,,,,52484
2003,Harvard University,3403,18,MA,Private nonprofit,15,56550.0,42.374471,-71.118313,4.0,3.0,3.0,1.0,0.42,1.6094379124341003,13271.0,52484
2003,Florida International University,3397,19,FL,Public,15,18956.0,25.75732,-80.373928,,,,,,,28271.0,52484
2003,University of Houston,3368,20,TX,Public,15,22906.0,29.720393,-95.343537,,,,,,,71914.0,52484
2003,University of Minnesota Twin Cities,3357,21,MN,Public,15,33325.0,44.972851,-93.235464,,,,,,,7271.0,52484
2003,Michigan State University,3277,22,MI,Public,15,39766.0,42.73212,-84.476111,301.0,339.0,318.0,1.0,0.4,5.71042701737487,16271.0,52484
2003,Wayne State University,3271,23,MI,Public,15,30000.0,42.358994,-83.068998,,,,,,,16271.0,52484
2003,University of Florida,3157,24,FL,Public,15,28658.0,29.64629,-82.347911,,,,,,,28271.0,52484
2003,Arizona State University Tempe,3038,25,AZ,Public,15,32100.0,34.74582,-92.28758,,,,,,,7271.0,52484
2004,University of Southern California,6846,1,CA,Private nonprofit,15,63468.0,34.021281,-118.284169,111.0,152.0,151.0,1.0,0.42,4.718498871295094,452847.0,53358
2004,University of Illinois Urbana-Champaign,5560,2,IL,Public,15,32000.0,40.104718,-88.229114,58.0,53.0,52.0,1.0,0.55,4.07753744390572,46614.0,53358
2004,University of Texas Austin,5333,3,TX,Public,15,40032.0,30.282825,-97.738273,67.0,71.0,76.0,1.0,0.5,4.219507705176107,71914.0,53358
2004,Columbia University,5278,4,NY,Private nonprofit,15,65524.0,36.087962,-80.250153,12.0,18.0,16.0,1.0,0.44,2.5649493574615367,139793.0,53358
2004,New York University,5140,5,NY,Private nonprofit,15,58168.0,40.729452,-73.997264,35.0,39.0,46.0,1.0,0.38,3.58351893845611,139793.0,53358
2004,Purdue University West Lafayette,4921,6,IN,Public,15,28794.0,41.117278,-85.108962,,,,,,,6271.0,53358
2004,University of Michigan Ann Arbor,4632,7,MI,Public,15,52266.0,42.278374,-83.73481,,,,,,,16271.0,53358
2004,Boston University,4541,8,MA,Private nonprofit,15,60050.0,42.351118,-71.107942,90.0,90.0,87.0,1.0,0.4,4.51085950651685,13271.0,53358
2004,University of California Los Angeles,4217,9,CA,Public,15,43473.0,34.07178,-118.442179,44.0,40.0,40.0,1.0,0.47,3.8066624897703196,452847.0,53358
2004,Ohio State University Columbus,4140,10,OH,Public,15,33502.0,32.50096,-84.94106,,,,,,,14271.0,53358
2004,SUNY University at Buffalo,3965,11,NY,Public,15,27000.0,43.000942,-78.789458,,,,,,,139793.0,53358
2004,University of Wisconsin Madison,3941,12,WI,Public,15,38730.0,44.798284,-91.501906,,,,,,,,53358
2004,Texas A&M University College Station,3721,13,TX,Public,15,38360.0,33.082787,-83.231962,,,,,,,71914.0,53358
2004,University of Pennsylvania,3712,14,PA,Private nonprofit,15,63452.0,39.950929,-75.19391,,,,,,,31271.0,53358
2004,Houston Community College System,3702,15,TX,Public,40,6000.0,29.742114,-95.377319,,,,,,,71914.0,53358
2004,University of Maryland College Park,3646,16,MD,Public,15,40806.0,38.988178,-76.944721,,,,,,,53793.0,53358
2004,Harvard University,3546,17,MA,Private nonprofit,15,56550.0,42.374471,-71.118313,4.0,3.0,3.0,1.0,0.42,1.6094379124341003,13271.0,53358
2004,Indiana University Bloomington,3525,18,IN,Public,15,37040.0,41.902678,-87.823003,,,,,,,6271.0,53358
2004,University of Florida,3492,19,FL,Public,15,28658.0,29.64629,-82.347911,,,,,,,28271.0,53358
2004,University of Houston,3326,20,TX,Public,15,22906.0,29.720393,-95.343537,,,,,,,71914.0,53358
2004,Michigan State University,3315,21,MI,Public,15,39766.0,42.73212,-84.476111,301.0,339.0,318.0,1.0,0.4,5.71042701737487,16271.0,53358
2004,University of Minnesota Twin Cities,3302,22,MN,Public,15,33325.0,44.972851,-93.235464,,,,,,,7271.0,53358
2004,Pennsylvania State University University Park,3237,23,PA,Public,15,42000.0,40.358839,-75.97329,,,,,,,31271.0,53358
2004,Florida International University,3155,24,FL,Public,15,18956.0,25.75732,-80.373928,,,,,,,28271.0,53358
2004,Cornell University,3119,25,NY,Private nonprofit,15,63200.0,42.4472,-76.483084,,,,,,,139793.0,53358
2005,University of Southern California,6881,1,CA,Private nonprofit,15,63468.0,34.021281,-118.284169,111.0,152.0,151.0,1.0,0.42,4.718498871295094,452847.0,59022
2005,Columbia University,5575,2,NY,Private nonprofit,15,65524.0,36.087962,-80.250153,12.0,18.0,16.0,1.0,0.44,2.5649493574615367,139793.0,59022
2005,Purdue University West Lafayette,5540,3,IN,Public,15,28794.0,41.117278,-85.108962,,,,,,,6271.0,59022
2005,New York University,5502,4,NY,Private nonprofit,15,58168.0,40.729452,-73.997264,35.0,39.0,46.0,1.0,0.38,3.58351893845611,139793.0,59022
2005,University of Texas Austin,5395,5,TX,Public,15,40032.0,30.282825,-97.738273,67.0,71.0,76.0,1.0,0.5,4.219507705176107,71914.0,59022
2005,University of Illinois Urbana-Champaign,4904,6,IL,Public,15,32000.0,40.104718,-88.229114,58.0,53.0,52.0,1.0,0.55,4.07753744390572,46614.0,59022
2005,University of Michigan Ann Arbor,4649,7,MI,Public,15,52266.0,42.278374,-83.73481,,,,,,,16271.0,59022
2005,Boston University,4542,8,MA,Private nonprofit,15,60050.0,42.351118,-71.107942,90.0,90.0,87.0,1.0,0.4,4.51085950651685,13271.0,59022
2005,Ohio State University Columbus,4476,9,OH,Public,15,33502.0,32.50096,-84.94106,,,,,,,14271.0,59022
2005,SUNY University at Buffalo,4072,10,NY,Public,15,27000.0,43.000942,-78.789458,,,,,,,139793.0,59022
2005,University of California Los Angeles,3979,11,CA,Public,15,43473.0,34.07178,-118.442179,44.0,40.0,40.0,1.0,0.47,3.8066624897703196,452847.0,59022
2005,University of Florida,3749,12,FL,Public,15,28658.0,29.64629,-82.347911,,,,,,,28271.0,59022
2005,Cornell University,3697,13,NY,Private nonprofit,15,63200.0,42.4472,-76.483084,,,,,,,139793.0,59022
2005,University of Pennsylvania,3689,14,PA,Private nonprofit,15,63452.0,39.950929,-75.19391,,,,,,,31271.0,59022
2005,Harvard University,3669,15,MA,Private nonprofit,15,56550.0,42.374471,-71.118313,4.0,3.0,3.0,1.0,0.42,1.6094379124341003,13271.0,59022
2005,Texas A&M University College Station,3589,16,TX,Public,15,38360.0,33.082787,-83.231962,,,,,,,71914.0,59022
2005,Indiana University Bloomington,3540,17,IN,Public,15,37040.0,41.902678,-87.823003,,,,,,,6271.0,59022
2005,University of Maryland College Park,3476,18,MD,Public,15,40806.0,38.988178,-76.944721,,,,,,,53793.0,59022
2005,University of Houston,3413,19,TX,Public,15,22906.0,29.720393,-95.343537,,,,,,,71914.0,59022
2005,University of Minnesota Twin Cities,3384,20,MN,Public,15,33325.0,44.972851,-93.235464,,,,,,,7271.0,59022
2005,University of Wisconsin Madison,3381,21,WI,Public,15,38730.0,44.798284,-91.501906,,,,,,,,59022
2005,Michigan State University,3293,22,MI,Public,15,39766.0,42.73212,-84.476111,301.0,339.0,318.0,1.0,0.4,5.71042701737487,16271.0,59022
2005,Houston Community College System,3227,23,TX,Public,40,6000.0,29.742114,-95.377319,,,,,,,71914.0,59022
2005,Stanford University,3200,24,CA,Private nonprofit,15,61731.0,37.429434,-122.167359,5.0,2.0,2.0,1.0,0.62,1.791759469228055,452847.0,59022
2005,Pennsylvania State University University Park,3199,25,PA,Public,15,42000.0,40.358839,-75.97329,,,,,,,31271.0,59022
2006,University of Southern California,7115,1,CA,Private nonprofit,15,63468.0,34.021281,-118.284169,111.0,152.0,151.0,1.0,0.42,4.718498871295094,454774.0,62392
2006,Columbia University,5937,2,NY,Private nonprofit,15,65524.0,36.087962,-80.250153,12.0,18.0,16.0,1.0,0.44,2.5649493574615367,140112.0,62392
2006,New York University,5827,3,NY,Private nonprofit,15,58168.0,40.729452,-73.997264,35.0,39.0,46.0,1.0,0.38,3.58351893845611,140112.0,62392
2006,University of Illinois Urbana-Champaign,5685,4,IL,Public,15,32000.0,40.104718,-88.229114,58.0,53.0,52.0,1.0,0.55,4.07753744390572,48049.0,62392
2006,Purdue University West Lafayette,5581,5,IN,Public,15,28794.0,41.117278,-85.108962,,,,,,,6464.0,62392
2006,University of Michigan Ann Arbor,5429,6,MI,Public,15,52266.0,42.278374,-83.73481,,,,,,,16664.0,62392
2006,University of Texas Austin,5303,7,TX,Public,15,40032.0,30.282825,-97.738273,67.0,71.0,76.0,1.0,0.5,4.219507705176107,74081.0,62392
2006,University of California Los Angeles,4704,8,CA,Public,15,43473.0,34.07178,-118.442179,44.0,40.0,40.0,1.0,0.47,3.8066624897703196,454774.0,62392
2006,Harvard University,4514,9,MA,Private nonprofit,15,56550.0,42.374471,-71.118313,4.0,3.0,3.0,1.0,0.42,1.6094379124341003,13664.0,62392
2006,Boston University,4484,10,MA,Private nonprofit,15,60050.0,42.351118,-71.107942,90.0,90.0,87.0,1.0,0.4,4.51085950651685,13664.0,62392
2006,University of Pennsylvania,4484,10,PA,Private nonprofit,15,63452.0,39.950929,-75.19391,,,,,,,32664.0,62392
2006,Ohio State University Columbus,4345,12,OH,Public,15,33502.0,32.50096,-84.94106,,,,,,,14664.0,62392
2006,SUNY University at Buffalo,4103,13,NY,Public,15,27000.0,43.000942,-78.789458,,,,,,,140112.0,62392
2006,Arizona State University Tempe,4062,14,AZ,Public,15,32100.0,34.74582,-92.28758,,,,,,,7464.0,62392
2006,Indiana University Bloomington,3976,15,IN,Public,15,37040.0,41.902678,-87.823003,,,,,,,6464.0,62392
2006,Michigan State University,3968,16,MI,Public,15,39766.0,42.73212,-84.476111,301.0,339.0,318.0,1.0,0.4,5.71042701737487,16664.0,62392
2006,University of Florida,3921,17,FL,Public,15,28658.0,29.64629,-82.347911,,,,,,,29464.0,62392
2006,Texas A&M University College Station,3857,18,TX,Public,15,38360.0,33.082787,-83.231962,,,,,,,74081.0,62392
2006,University of Wisconsin Madison,3829,19,WI,Public,15,38730.0,44.798284,-91.501906,,,,,,,,62392
2006,Stanford University,3751,20,CA,Private nonprofit,15,61731.0,37.429434,-122.167359,5.0,2.0,2.0,1.0,0.62,1.791759469228055,454774.0,62392
2006,Cornell University,3746,21,NY,Private nonprofit,15,63200.0,42.4472,-76.483084,,,,,,,140112.0,62392
2006,University of Minnesota Twin Cities,3701,22,MN,Public,15,33325.0,44.972851,-93.235464,,,,,,,7464.0,62392
2006,Pennsylvania State University University Park,3681,23,PA,Public,15,42000.0,40.358839,-75.97329,,,,,,,32664.0,62392
2006,University of Maryland College Park,3476,24,MD,Public,15,40806.0,38.988178,-76.944721,,,,,,,55582.0,62392
2006,Houston Community College System,3378,25,TX,Public,40,6000.0,29.742114,-95.377319,,,,,,,74081.0,62392
2007,University of Southern California,7189,1,CA,Private nonprofit,15,63468.0,34.021281,-118.284169,111.0,152.0,151.0,1.0,0.42,4.718498871295094,456702.0,69124
2007,New York University,6404,2,NY,Private nonprofit,15,58168.0,40.729452,-73.997264,35.0,39.0,46.0,1.0,0.38,3.58351893845611,140431.0,69124
2007,Columbia University,6297,3,NY,Private nonprofit,15,65524.0,36.087962,-80.250153,12.0,18.0,16.0,1.0,0.44,2.5649493574615367,140431.0,69124
2007,University of Illinois Urbana-Champaign,5933,4,IL,Public,15,32000.0,40.104718,-88.229114,58.0,53.0,52.0,1.0,0.55,4.07753744390572,49484.0,69124
2007,Purdue University West Lafayette,5772,5,IN,Public,15,28794.0,41.117278,-85.108962,,,,,,,6658.0,69124
2007,University of Michigan Ann Arbor,5748,6,MI,Public,15,52266.0,42.278374,-83.73481,,,,,,,17058.0,69124
2007,University of California Los Angeles,5557,7,CA,Public,15,43473.0,34.07178,-118.442179,44.0,40.0,40.0,1.0,0.47,3.8066624897703196,456702.0,69124
2007,University of Texas Austin,5550,8,TX,Public,15,40032.0,30.282825,-97.738273,67.0,71.0,76.0,1.0,0.5,4.219507705176107,76248.0,69124
2007,Harvard University,4948,9,MA,Private nonprofit,15,56550.0,42.374471,-71.118313,4.0,3.0,3.0,1.0,0.42,1.6094379124341003,14058.0,69124
2007,Boston University,4789,10,MA,Private nonprofit,15,60050.0,42.351118,-71.107942,90.0,90.0,87.0,1.0,0.4,4.51085950651685,14058.0,69124
2007,University of Pennsylvania,4610,11,PA,Private nonprofit,15,63452.0,39.950929,-75.19391,,,,,,,34058.0,69124
2007,SUNY University at Buffalo,4363,12,NY,Public,15,27000.0,43.000942,-78.789458,,,,,,,140431.0,69124
2007,Indiana University Bloomington,4287,13,IN,Public,15,37040.0,41.902678,-87.823003,,,,,,,6658.0,69124
2007,Ohio State University Columbus,4259,14,OH,Public,15,33502.0,32.50096,-84.94106,,,,,,,15058.0,69124
2007,Michigan State University,4244,15,MI,Public,15,39766.0,42.73212,-84.476111,301.0,339.0,318.0,1.0,0.4,5.71042701737487,17058.0,69124
2007,University of Florida,4228,16,FL,Public,15,28658.0,29.64629,-82.347911,,,,,,,30658.0,69124
2007,Texas A&M University College Station,4094,17,TX,Public,15,38360.0,33.082787,-83.231962,,,,,,,76248.0,69124
2007,Arizona State University Tempe,3979,18,AZ,Public,15,32100.0,34.74582,-92.28758,,,,,,,7658.0,69124
2007,Cornell University,3928,19,NY,Private nonprofit,15,63200.0,42.4472,-76.483084,,,,,,,140431.0,69124
2007,University of Wisconsin Madison,3910,20,WI,Public,15,38730.0,44.798284,-91.501906,,,,,,,,69124
2007,Stanford University,3898,21,CA,Private nonprofit,15,61731.0,37.429434,-122.167359,5.0,2.0,2.0,1.0,0.62,1.791759469228055,456702.0,69124
2007,Pennsylvania State University University Park,3860,22,PA,Public,15,42000.0,40.358839,-75.97329,,,,,,,34058.0,69124
2007,University of Minnesota Twin Cities,3756,23,MN,Public,15,33325.0,44.972851,-93.235464,,,,,,,7658.0,69124
2007,Georgia Institute of Technology,3616,24,GA,Public,15,33794.0,28.065773,-80.623123,88.0,88.0,70.0,1.0,0.64,4.48863636973214,47160.0,69124
2007,University of Houston,3420,25,TX,Public,15,22906.0,29.720393,-95.343537,,,,,,,76248.0,69124
2008,University of Southern California,7482,1,CA,Private nonprofit,15,63468.0,34.021281,-118.284169,111.0,152.0,151.0,1.0,0.42,4.718498871295094,458630.0,75065
2008,New York University,6761,2,NY,Private nonprofit,15,58168.0,40.729452,-73.997264,35.0,39.0,46.0,1.0,0.38,3.58351893845611,140750.0,75065
2008,Columbia University,6685,3,NY,Private nonprofit,15,65524.0,36.087962,-80.250153,12.0,18.0,16.0,1.0,0.44,2.5649493574615367,140750.0,75065
2008,University of Illinois Urbana-Champaign,6570,4,IL,Public,15,32000.0,40.104718,-88.229114,58.0,53.0,52.0,1.0,0.55,4.07753744390572,50920.0,75065
2008,Purdue University West Lafayette,6136,5,IN,Public,15,28794.0,41.117278,-85.108962,,,,,,,6851.0,75065
2008,University of Michigan Ann Arbor,5790,6,MI,Public,15,52266.0,42.278374,-83.73481,,,,,,,17451.0,75065
2008,University of Texas Austin,5703,7,TX,Public,15,40032.0,30.282825,-97.738273,67.0,71.0,76.0,1.0,0.5,4.219507705176107,78415.0,75065
2008,University of California Los Angeles,5590,8,CA,Public,15,43473.0,34.07178,-118.442179,44.0,40.0,40.0,1.0,0.47,3.8066624897703196,458630.0,75065
2008,Boston University,5037,9,MA,Private nonprofit,15,60050.0,42.351118,-71.107942,90.0,90.0,87.0,1.0,0.4,4.51085950651685,14451.0,75065
2008,Michigan State University,4757,10,MI,Public,15,39766.0,42.73212,-84.476111,301.0,339.0,318.0,1.0,0.4,5.71042701737487,17451.0,75065
2008,Harvard University,4735,11,MA,Private nonprofit,15,56550.0,42.374471,-71.118313,4.0,3.0,3.0,1.0,0.42,1.6094379124341003,14451.0,75065
2008,University of Florida,4731,12,FL,Public,15,28658.0,29.64629,-82.347911,,,,,,,31851.0,75065
2008,University of Pennsylvania,4635,13,PA,Private nonprofit,15,63452.0,39.950929,-75.19391,,,,,,,35451.0,75065
2008,Ohio State University Columbus,4583,14,OH,Public,15,33502.0,32.50096,-84.94106,,,,,,,15451.0,75065
2008,Indiana University Bloomington,4565,15,IN,Public,15,37040.0,41.902678,-87.823003,,,,,,,6851.0,75065
2008,Texas A&M University College Station,4558,16,TX,Public,15,38360.0,33.082787,-83.231962,,,,,,,78415.0,75065
2008,SUNY University at Buffalo,4539,17,NY,Public,15,27000.0,43.000942,-78.789458,,,,,,,140750.0,75065
2008,Arizona State University Tempe,4375,18,AZ,Public,15,32100.0,34.74582,-92.28758,,,,,,,7851.0,75065
2008,University of Wisconsin Madison,4243,19,WI,Public,15,38730.0,44.798284,-91.501906,,,,,,,,75065
2008,University of Minnesota Twin Cities,4120,20,MN,Public,15,33325.0,44.972851,-93.235464,,,,,,,7851.0,75065
2008,Cornell University,4018,21,NY,Private nonprofit,15,63200.0,42.4472,-76.483084,,,,,,,140750.0,75065
2008,Stanford University,3976,22,CA,Private nonprofit,15,61731.0,37.429434,-122.167359,5.0,2.0,2.0,1.0,0.62,1.791759469228055,458630.0,75065
2008,Georgia Institute of Technology,3911,23,GA,Public,15,33794.0,28.065773,-80.623123,88.0,88.0,70.0,1.0,0.64,4.48863636973214,49104.0,75065
2008,University of Houston,3778,24,TX,Public,15,22906.0,29.720393,-95.343537,,,,,,,78415.0,75065
2008,Pennsylvania State University University Park,3741,25,PA,Public,15,42000.0,40.358839,-75.97329,,,,,,,35451.0,75065
2009,University of Southern California,7987,1,CA,Private nonprofit,15,63468.0,34.021281,-118.284169,111.0,152.0,151.0,1.0,0.42,4.718498871295094,460558.0,72153
2009,University of Illinois Urbana-Champaign,7287,2,IL,Public,15,32000.0,40.104718,-88.229114,58.0,53.0,52.0,1.0,0.55,4.07753744390572,52355.0,72153
2009,New York University,7276,3,NY,Private nonprofit,15,58168.0,40.729452,-73.997264,35.0,39.0,46.0,1.0,0.38,3.58351893845611,141069.0,72153
2009,Purdue University West Lafayette,6903,4,IN,Public,15,28794.0,41.117278,-85.108962,,,,,,,7045.0,72153
2009,Columbia University,6833,5,NY,Private nonprofit,15,65524.0,36.087962,-80.250153,12.0,18.0,16.0,1.0,0.44,2.5649493574615367,141069.0,72153
2009,Houston Community College System,6125,6,TX,Public,40,6000.0,29.742114,-95.377319,,,,,,,80582.0,72153
2009,University of Michigan Ann Arbor,6095,7,MI,Public,15,52266.0,42.278374,-83.73481,,,,,,,17845.0,72153
2009,University of California Los Angeles,5685,8,CA,Public,15,43473.0,34.07178,-118.442179,44.0,40.0,40.0,1.0,0.47,3.8066624897703196,460558.0,72153
2009,Michigan State University,5358,9,MI,Public,15,39766.0,42.73212,-84.476111,301.0,339.0,318.0,1.0,0.4,5.71042701737487,17845.0,72153
2009,University of Texas Austin,5265,10,TX,Public,15,40032.0,30.282825,-97.738273,67.0,71.0,76.0,1.0,0.5,4.219507705176107,80582.0,72153
2009,Boston University,5172,11,MA,Private nonprofit,15,60050.0,42.351118,-71.107942,90.0,90.0,87.0,1.0,0.4,4.51085950651685,14845.0,72153
2009,University of Florida,4920,12,FL,Public,15,28658.0,29.64629,-82.347911,,,,,,,33045.0,72153
2009,SUNY University at Buffalo,4911,13,NY,Public,15,27000.0,43.000942,-78.789458,,,,,,,141069.0,72153
2009,Harvard University,4867,14,MA,Private nonprofit,15,56550.0,42.374471,-71.118313,4.0,3.0,3.0,1.0,0.42,1.6094379124341003,14845.0,72153
2009,Indiana University Bloomington,4819,15,IN,Public,15,37040.0,41.902678,-87.823003,,,,,,,7045.0,72153
2009,Ohio State University Columbus,4796,16,OH,Public,15,33502.0,32.50096,-84.94106,,,,,,,15845.0,72153
2009,University of Minnesota Twin Cities,4665,17,MN,Public,15,33325.0,44.972851,-93.235464,,,,,,,8045.0,72153
2009,Texas A&M University College Station,4611,18,TX,Public,15,38360.0,33.082787,-83.231962,,,,,,,80582.0,72153
2009,Pennsylvania State University University Park,4561,19,PA,Public,15,42000.0,40.358839,-75.97329,,,,,,,36845.0,72153
2009,University of Pennsylvania,4522,20,PA,Private nonprofit,15,63452.0,39.950929,-75.19391,,,,,,,36845.0,72153
2009,Arizona State University Tempe,4483,21,AZ,Public,15,32100.0,34.74582,-92.28758,,,,,,,8045.0,72153
2009,University of Wisconsin Madison,4312,22,WI,Public,15,38730.0,44.798284,-91.501906,,,,,,,,72153
2009,Cornell University,4115,23,NY,Private nonprofit,15,63200.0,42.4472,-76.483084,,,,,,,141069.0,72153
2009,University of Houston,4103,24,TX,Public,15,22906.0,29.720393,-95.343537,,,,,,,80582.0,72153
2009,Georgia Institute of Technology,4030,25,GA,Public,15,33794.0,28.065773,-80.623123,88.0,88.0,70.0,1.0,0.64,4.48863636973214,51049.0,72153
2010,University of Southern California,8615,1,CA,Private nonprofit,15,63468.0,34.021281,-118.284169,111.0,152.0,151.0,1.0,0.42,4.718498871295094,462486.0,73351
2010,University of Illinois Urbana-Champaign,7991,2,IL,Public,15,32000.0,40.104718,-88.229114,58.0,53.0,52.0,1.0,0.55,4.07753744390572,53791.0,73351
2010,New York University,7988,3,NY,Private nonprofit,15,58168.0,40.729452,-73.997264,35.0,39.0,46.0,1.0,0.38,3.58351893845611,141389.0,73351
2010,Purdue University West Lafayette,7562,4,IN,Public,15,28794.0,41.117278,-85.108962,,,,,,,7239.0,73351
2010,Columbia University,7297,5,NY,Private nonprofit,15,65524.0,36.087962,-80.250153,12.0,18.0,16.0,1.0,0.44,2.5649493574615367,141389.0,73351
2010,University of California Los Angeles,6249,6,CA,Public,15,43473.0,34.07178,-118.442179,44.0,40.0,40.0,1.0,0.47,3.8066624897703196,462486.0,73351
2010,Ohio State University Columbus,6082,7,OH,Public,15,33502.0,32.50096,-84.94106,,,,,,,16239.0,73351
2010,University of Michigan Ann Arbor,5995,8,MI,Public,15,52266.0,42.278374,-83.73481,,,,,,,18239.0,73351
2010,Michigan State University,5748,9,MI,Public,15,39766.0,42.73212,-84.476111,301.0,339.0,318.0,1.0,0.4,5.71042701737487,18239.0,73351
2010,Harvard University,5594,10,MA,Private nonprofit,15,56550.0,42.374471,-71.118313,4.0,3.0,3.0,1.0,0.42,1.6094379124341003,15239.0,73351
2010,Indiana University Bloomington,5471,11,IN,Public,15,37040.0,41.902678,-87.823003,,,,,,,7239.0,73351
2010,Boston University,5464,12,MA,Private nonprofit,15,60050.0,42.351118,-71.107942,90.0,90.0,87.0,1.0,0.4,4.51085950651685,15239.0,73351
2010,University of Florida,5393,13,FL,Public,15,28658.0,29.64629,-82.347911,,,,,,,34239.0,73351
2010,University of Texas Austin,5323,14,TX,Public,15,40032.0,30.282825,-97.738273,67.0,71.0,76.0,1.0,0.5,4.219507705176107,82750.0,73351
2010,Pennsylvania State University University Park,5207,15,PA,Public,15,42000.0,40.358839,-75.97329,,,,,,,38239.0,73351
2010,Northeastern University Boston,5187,16,MA,Private nonprofit,15,60192.0,42.339992,-71.088782,,,,,,,15239.0,73351
2010,SUNY University at Buffalo,5185,17,NY,Public,15,27000.0,43.000942,-78.789458,,,,,,,141389.0,73351
2010,University of Minnesota Twin Cities,5124,18,MN,Public,15,33325.0,44.972851,-93.235464,,,,,,,8239.0,73351
2010,Georgia Institute of Technology,4943,19,GA,Public,15,33794.0,28.065773,-80.623123,88.0,88.0,70.0,1.0,0.64,4.48863636973214,52994.0,73351
2010,Arizona State University Tempe,4934,20,AZ,Public,15,32100.0,34.74582,-92.28758,,,,,,,8239.0,73351
2010,Texas A&M University College Station,4874,21,TX,Public,15,38360.0,33.082787,-83.231962,,,,,,,82750.0,73351
2010,University of Pennsylvania,4752,22,PA,Private nonprofit,15,63452.0,39.950929,-75.19391,,,,,,,38239.0,73351
2010,University of Wisconsin Madison,4647,23,WI,Public,15,38730.0,44.798284,-91.501906,,,,,,,,73351
2010,University of Houston,4377,24,TX,Public,15,22906.0,29.720393,-95.343537,,,,,,,82750.0,73351
2010,Cornell University,4357,25,NY,Private nonprofit,15,63200.0,42.4472,-76.483084,,,,,,,141389.0,73351
2011,University of Southern California,9269,1,CA,Private nonprofit,15,63468.0,34.021281,-118.284169,111.0,152.0,151.0,1.0,0.42,4.718498871295094,467235.0,72295
2011,University of Illinois Urbana-Champaign,8997,2,IL,Public,15,32000.0,40.104718,-88.229114,58.0,53.0,52.0,1.0,0.55,4.07753744390572,54581.0,72295
2011,New York University,8660,3,NY,Private nonprofit,15,58168.0,40.729452,-73.997264,35.0,39.0,46.0,1.0,0.38,3.58351893845611,143155.0,72295
2011,Purdue University West Lafayette,8563,4,IN,Public,15,28794.0,41.117278,-85.108962,,,,,,,7559.0,72295
2011,Columbia University,8024,5,NY,Private nonprofit,15,65524.0,36.087962,-80.250153,12.0,18.0,16.0,1.0,0.44,2.5649493574615367,143155.0,72295
2011,University of California Los Angeles,6703,6,CA,Public,15,43473.0,34.07178,-118.442179,44.0,40.0,40.0,1.0,0.47,3.8066624897703196,467235.0,72295
2011,Northeastern University Boston,6486,7,MA,Private nonprofit,15,60192.0,42.339992,-71.088782,,,,,,,15959.0,72295
2011,University of Michigan Ann Arbor,6382,8,MI,Public,15,52266.0,42.278374,-83.73481,,,,,,,18759.0,72295
2011,Michigan State University,6209,9,MI,Public,15,39766.0,42.73212,-84.476111,301.0,339.0,318.0,1.0,0.4,5.71042701737487,18759.0,72295
2011,Ohio State University Columbus,6142,10,OH,Public,15,33502.0,32.50096,-84.94106,,,,,,,16759.0,72295
2011,Indiana University Bloomington,6123,11,IN,Public,15,37040.0,41.902678,-87.823003,,,,,,,7559.0,72295
2011,Pennsylvania State University University Park,6075,12,PA,Public,15,42000.0,40.358839,-75.97329,,,,,,,39559.0,72295
2011,Boston University,6041,13,MA,Private nonprofit,15,60050.0,42.351118,-71.107942,90.0,90.0,87.0,1.0,0.4,4.51085950651685,15959.0,72295
2011,University of Minnesota Twin Cities,5661,14,MN,Public,15,33325.0,44.972851,-93.235464,,,,,,,8559.0,72295
2011,Arizona State University Tempe,5616,15,AZ,Public,15,32100.0,34.74582,-92.28758,,,,,,,8759.0,72295
2011,University of Florida,5588,16,FL,Public,15,28658.0,29.64629,-82.347911,,,,,,,35959.0,72295
2011,Harvard University,5453,17,MA,Private nonprofit,15,56550.0,42.374471,-71.118313,4.0,3.0,3.0,1.0,0.42,1.6094379124341003,15959.0,72295
2011,University of Washington,5372,18,WA,Public,15,40740.0,38.302492,-77.476055,73.0,68.0,68.0,1.0,0.48,4.304065093204169,64414.0,72295
2011,SUNY University at Buffalo,5357,19,NY,Public,15,27000.0,43.000942,-78.789458,,,,,,,143155.0,72295
2011,University of Texas Austin,5324,20,TX,Public,15,40032.0,30.282825,-97.738273,67.0,71.0,76.0,1.0,0.5,4.219507705176107,86134.0,72295
2011,University of Pennsylvania,5296,21,PA,Private nonprofit,15,63452.0,39.950929,-75.19391,,,,,,,39559.0,72295
2011,Texas A&M University College Station,5013,22,TX,Public,15,38360.0,33.082787,-83.231962,,,,,,,86134.0,72295
2011,University of California Berkeley,5004,23,CA,Public,15,44066.0,34.07178,-118.442179,12.0,28.0,28.0,1.0,0.55,2.5649493574615367,467235.0,72295
2011,Georgia Institute of Technology,4973,24,GA,Public,15,33794.0,28.065773,-80.623123,88.0,88.0,70.0,1.0,0.64,4.48863636973214,55420.0,72295
2011,University of Houston,4879,25,TX,Public,15,22906.0,29.720393,-95.343537,,,,,,,86134.0,72295
2012,University of Southern California,9840,1,CA,Private nonprofit,15,63468.0,34.021281,-118.284169,111.0,152.0,151.0,1.0,0.42,4.718498871295094,471984.0,70627
2012,University of Illinois Urbana-Champaign,9804,2,IL,Public,15,32000.0,40.104718,-88.229114,58.0,53.0,52.0,1.0,0.55,4.07753744390572,55371.0,70627
2012,Purdue University West Lafayette,9509,3,IN,Public,15,28794.0,41.117278,-85.108962,,,,,,,7879.0,70627
2012,New York University,9362,4,NY,Private nonprofit,15,58168.0,40.729452,-73.997264,35.0,39.0,46.0,1.0,0.38,3.58351893845611,144921.0,70627
2012,Columbia University,8797,5,NY,Private nonprofit,15,65524.0,36.087962,-80.250153,12.0,18.0,16.0,1.0,0.44,2.5649493574615367,144921.0,70627
2012,University of California Los Angeles,8424,6,CA,Public,15,43473.0,34.07178,-118.442179,44.0,40.0,40.0,1.0,0.47,3.8066624897703196,471984.0,70627
2012,Northeastern University Boston,7705,7,MA,Private nonprofit,15,60192.0,42.339992,-71.088782,,,,,,,16679.0,70627
2012,University of Michigan Ann Arbor,6827,8,MI,Public,15,52266.0,42.278374,-83.73481,,,,,,,19279.0,70627
2012,Michigan State University,6759,9,MI,Public,15,39766.0,42.73212,-84.476111,301.0,339.0,318.0,1.0,0.4,5.71042701737487,19279.0,70627
2012,Pennsylvania State University University Park,6693,10,PA,Public,15,42000.0,40.358839,-75.97329,,,,,,,40879.0,70627
2012,Arizona State University Tempe,6645,11,AZ,Public,15,32100.0,34.74582,-92.28758,,,,,,,9279.0,70627
2012,Boston University,6615,12,MA,Private nonprofit,15,60050.0,42.351118,-71.107942,90.0,90.0,87.0,1.0,0.4,4.51085950651685,16679.0,70627
2012,Indiana University Bloomington,6547,13,IN,Public,15,37040.0,41.902678,-87.823003,,,,,,,7879.0,70627
2012,University of Washington,6491,14,WA,Public,15,40740.0,38.302492,-77.476055,73.0,68.0,68.0,1.0,0.48,4.304065093204169,66635.0,70627
2012,Ohio State University Columbus,6478,15,OH,Public,15,33502.0,32.50096,-84.94106,,,,,,,17279.0,70627
2012,University of Minnesota Twin Cities,6178,16,MN,Public,15,33325.0,44.972851,-93.235464,,,,,,,8879.0,70627
2012,University of Florida,5961,17,FL,Public,15,28658.0,29.64629,-82.347911,,,,,,,37679.0,70627
2012,SUNY University at Buffalo,5804,18,NY,Public,15,27000.0,43.000942,-78.789458,,,,,,,144921.0,70627
2012,University of Pennsylvania,5751,19,PA,Private nonprofit,15,63452.0,39.950929,-75.19391,,,,,,,40879.0,70627
2012,University of California Berkeley,5632,20,CA,Public,15,44066.0,34.07178,-118.442179,12.0,28.0,28.0,1.0,0.55,2.5649493574615367,471984.0,70627
2012,University of Texas Austin,5481,21,TX,Public,15,40032.0,30.282825,-97.738273,67.0,71.0,76.0,1.0,0.5,4.219507705176107,89518.0,70627
2012,Houston Community College System,5333,22,TX,Public,40,6000.0,29.742114,-95.377319,,,,,,,89518.0,70627
2012,University of Wisconsin Madison,5291,23,WI,Public,15,38730.0,44.798284,-91.501906,,,,,,,,70627
2012,University of Texas Dallas,5193,24,TX,Public,15,30400.0,32.984673,-96.749702,,,,,,,89518.0,70627
2012,Texas A&M University College Station,5149,25,TX,Public,15,38360.0,33.082787,-83.231962,,,,,,,89518.0,70627
2013,New York University,11164,1,NY,Private nonprofit,15,58168.0,40.729452,-73.997264,35.0,39.0,46.0,1.0,0.38,3.58351893845611,146687.0,68047
2013,University of Southern California,10932,2,CA,Private nonprofit,15,63468.0,34.021281,-118.284169,111.0,152.0,151.0,1.0,0.42,4.718498871295094,476734.0,68047
2013,University of Illinois Urbana-Champaign,10843,3,IL,Public,15,32000.0,40.104718,-88.229114,58.0,53.0,52.0,1.0,0.55,4.07753744390572,56161.0,68047
2013,Columbia University,10486,4,NY,Private nonprofit,15,65524.0,36.087962,-80.250153,12.0,18.0,16.0,1.0,0.44,2.5649493574615367,146687.0,68047
2013,Purdue University West Lafayette,9988,5,IN,Public,15,28794.0,41.117278,-85.108962,,,,,,,8200.0,68047
2013,University of California Los Angeles,9579,6,CA,Public,15,43473.0,34.07178,-118.442179,44.0,40.0,40.0,1.0,0.47,3.8066624897703196,476734.0,68047
2013,Northeastern University Boston,9078,7,MA,Private nonprofit,15,60192.0,42.339992,-71.088782,,,,,,,17400.0,68047
2013,Arizona State University Tempe,8683,8,AZ,Public,15,32100.0,34.74582,-92.28758,,,,,,,9800.0,68047
2013,Michigan State University,7704,9,MI,Public,15,39766.0,42.73212,-84.476111,301.0,339.0,318.0,1.0,0.4,5.71042701737487,19800.0,68047
2013,University of Washington,7469,10,WA,Public,15,40740.0,38.302492,-77.476055,73.0,68.0,68.0,1.0,0.48,4.304065093204169,68856.0,68047
2013,University of Michigan Ann Arbor,7273,11,MI,Public,15,52266.0,42.278374,-83.73481,,,,,,,19800.0,68047
2013,Boston University,7143,12,MA,Private nonprofit,15,60050.0,42.351118,-71.107942,90.0,90.0,87.0,1.0,0.4,4.51085950651685,17400.0,68047
2013,Pennsylvania State University University Park,7024,13,PA,Public,15,42000.0,40.358839,-75.97329,,,,,,,42200.0,68047
2013,Ohio State University Columbus,6800,14,OH,Public,15,33502.0,32.50096,-84.94106,,,,,,,17800.0,68047
2013,Indiana University Bloomington,6661,15,IN,Public,15,37040.0,41.902678,-87.823003,,,,,,,8200.0,68047
2013,University of Minnesota Twin Cities,6621,16,MN,Public,15,33325.0,44.972851,-93.235464,,,,,,,9200.0,68047
2013,SUNY University at Buffalo,6594,17,NY,Public,15,27000.0,43.000942,-78.789458,,,,,,,146687.0,68047
2013,University of California Berkeley,6372,18,CA,Public,15,44066.0,34.07178,-118.442179,12.0,28.0,28.0,1.0,0.55,2.5649493574615367,476734.0,68047
2013,University of Texas Dallas,6296,19,TX,Public,15,30400.0,32.984673,-96.749702,,,,,,,92902.0,68047
2013,University of Florida,6135,20,FL,Public,15,28658.0,29.64629,-82.347911,,,,,,,39400.0,68047
2013,University of Pennsylvania,6024,21,PA,Private nonprofit,15,63452.0,39.950929,-75.19391,,,,,,,42200.0,68047
2013,University of Wisconsin Madison,5718,22,WI,Public,15,38730.0,44.798284,-91.501906,,,,,,,,68047
2013,University of Texas Austin,5663,23,TX,Public,15,40032.0,30.282825,-97.738273,67.0,71.0,76.0,1.0,0.5,4.219507705176107,92902.0,68047
2013,Texas A&M University College Station,5582,24,TX,Public,15,38360.0,33.082787,-83.231962,,,,,,,92902.0,68047
2013,Carnegie Mellon University,5501,25,PA,Private nonprofit,15,60452.0,40.44357,-79.941993,52.0,54.0,52.0,1.0,0.57,3.970291913552122,42200.0,68047
2014,New York University,13178,1,NY,Private nonprofit,15,58168.0,40.729452,-73.997264,35.0,39.0,46.0,1.0,0.38,3.58351893845611,148453.0,63710
2014,University of Southern California,12334,2,CA,Private nonprofit,15,63468.0,34.021281,-118.284169,111.0,152.0,151.0,1.0,0.42,4.718498871295094,481483.0,63710
2014,Columbia University,11510,3,NY,Private nonprofit,15,65524.0,36.087962,-80.250153,12.0,18.0,16.0,1.0,0.44,2.5649493574615367,148453.0,63710
2014,Arizona State University Tempe,11330,4,AZ,Public,15,32100.0,34.74582,-92.28758,,,,,,,10320.0,63710
2014,University of Illinois Urbana-Champaign,11223,5,IL,Public,15,32000.0,40.104718,-88.229114,58.0,53.0,52.0,1.0,0.55,4.07753744390572,56951.0,63710
2014,Northeastern University Boston,10559,6,MA,Private nonprofit,15,60192.0,42.339992,-71.088782,,,,,,,18120.0,63710
2014,Purdue University West Lafayette,10230,7,IN,Public,15,28794.0,41.117278,-85.108962,,,,,,,8520.0,63710
2014,University of California Los Angeles,10209,8,CA,Public,15,43473.0,34.07178,-118.442179,44.0,40.0,40.0,1.0,0.47,3.8066624897703196,481483.0,63710
2014,Michigan State University,8146,9,MI,Public,15,39766.0,42.73212,-84.476111,301.0,339.0,318.0,1.0,0.4,5.71042701737487,20320.0,63710
2014,University of Washington,8035,10,WA,Public,15,40740.0,38.302492,-77.476055,73.0,68.0,68.0,1.0,0.48,4.304065093204169,71077.0,63710
2014,Boston University,7860,11,MA,Private nonprofit,15,60050.0,42.351118,-71.107942,90.0,90.0,87.0,1.0,0.4,4.51085950651685,18120.0,63710
2014,Pennsylvania State University University Park,7728,12,PA,Public,15,42000.0,40.358839,-75.97329,,,,,,,43520.0,63710
2014,University of Michigan Ann Arbor,7423,13,MI,Public,15,52266.0,42.278374,-83.73481,,,,,,,20320.0,63710
2014,Ohio State University Columbus,7121,14,OH,Public,15,33502.0,32.50096,-84.94106,,,,,,,18320.0,63710
2014,University of Texas Dallas,7064,15,TX,Public,15,30400.0,32.984673,-96.749702,,,,,,,96286.0,63710
2014,Indiana University Bloomington,7009,16,IN,Public,15,37040.0,41.902678,-87.823003,,,,,,,8520.0,63710
2014,University of Minnesota Twin Cities,6984,17,MN,Public,15,33325.0,44.972851,-93.235464,,,,,,,9520.0,63710
2014,University of California Berkeley,6874,18,CA,Public,15,44066.0,34.07178,-118.442179,12.0,28.0,28.0,1.0,0.55,2.5649493574615367,481483.0,63710
2014,SUNY University at Buffalo,6852,19,NY,Public,15,27000.0,43.000942,-78.789458,,,,,,,148453.0,63710
2014,Texas A&M University College Station,6690,20,TX,Public,15,38360.0,33.082787,-83.231962,,,,,,,96286.0,63710
2014,Carnegie Mellon University,6198,21,PA,Private nonprofit,15,60452.0,40.44357,-79.941993,52.0,54.0,52.0,1.0,0.57,3.970291913552122,43520.0,63710
2014,University of Pennsylvania,6167,22,PA,Private nonprofit,15,63452.0,39.950929,-75.19391,,,,,,,43520.0,63710
2014,University of Florida,6148,23,FL,Public,15,28658.0,29.64629,-82.347911,,,,,,,41120.0,63710
2014,University of Wisconsin Madison,5977,24,WI,Public,15,38730.0,44.798284,-91.501906,,,,,,,,63710
2014,University of Texas Austin,5947,25,TX,Public,15,40032.0,30.282825,-97.738273,67.0,71.0,76.0,1.0,0.5,4.219507705176107,96286.0,63710
2015,New York University,15543,1,NY,Private nonprofit,15,58168.0,40.729452,-73.997264,35.0,39.0,46.0,1.0,0.38,3.58351893845611,150219.0,61007
2015,University of Southern California,13340,2,CA,Private nonprofit,15,63468.0,34.021281,-118.284169,111.0,152.0,151.0,1.0,0.42,4.718498871295094,486233.0,61007
2015,Arizona State University Tempe,12751,3,AZ,Public,15,32100.0,34.74582,-92.28758,,,,,,,10841.0,61007
2015,Columbia University,12740,4,NY,Private nonprofit,15,65524.0,36.087962,-80.250153,12.0,18.0,16.0,1.0,0.44,2.5649493574615367,150219.0,61007
2015,University of Illinois Urbana-Champaign,12085,5,IL,Public,15,32000.0,40.104718,-88.229114,58.0,53.0,52.0,1.0,0.55,4.07753744390572,57741.0,61007
2015,Northeastern University Boston,11702,6,MA,Private nonprofit,15,60192.0,42.339992,-71.088782,,,,,,,18841.0,61007
2015,University of California Los Angeles,11513,7,CA,Public,15,43473.0,34.07178,-118.442179,44.0,40.0,40.0,1.0,0.47,3.8066624897703196,486233.0,61007
2015,Purdue University West Lafayette,10563,8,IN,Public,15,28794.0,41.117278,-85.108962,,,,,,,8841.0,61007
2015,Boston University,8455,9,MA,Private nonprofit,15,60050.0,42.351118,-71.107942,90.0,90.0,87.0,1.0,0.4,4.51085950651685,18841.0,61007
2015,University of Washington,8259,10,WA,Public,15,40740.0,38.302492,-77.476055,73.0,68.0,68.0,1.0,0.48,4.304065093204169,73298.0,61007
2015,Michigan State University,8256,11,MI,Public,15,39766.0,42.73212,-84.476111,301.0,339.0,318.0,1.0,0.4,5.71042701737487,20841.0,61007
2015,University of Texas Dallas,8145,12,TX,Public,15,30400.0,32.984673,-96.749702,,,,,,,99671.0,61007
2015,Pennsylvania State University University Park,8084,13,PA,Public,15,42000.0,40.358839,-75.97329,,,,,,,44841.0,61007
2015,University of Michigan Ann Arbor,7630,14,MI,Public,15,52266.0,42.278374,-83.73481,,,,,,,20841.0,61007
2015,University of California San Diego,7556,15,CA,Public,15,44009.0,32.877749,-117.235866,62.0,70.0,66.0,1.0,0.54,4.143134726391533,486233.0,61007
2015,University of California Berkeley,7313,16,CA,Public,15,44066.0,34.07178,-118.442179,12.0,28.0,28.0,1.0,0.55,2.5649493574615367,486233.0,61007
2015,Indiana University Bloomington,7159,17,IN,Public,15,37040.0,41.902678,-87.823003,,,,,,,8841.0,61007
2015,Ohio State University Columbus,7117,18,OH,Public,15,33502.0,32.50096,-84.94106,,,,,,,18841.0,61007
2015,Carnegie Mellon University,7051,19,PA,Private nonprofit,15,60452.0,40.44357,-79.941993,52.0,54.0,52.0,1.0,0.57,3.970291913552122,44841.0,61007
2015,University of Minnesota Twin Cities,7037,20,MN,Public,15,33325.0,44.972851,-93.235464,,,,,,,9841.0,61007
2015,SUNY University at Buffalo,7026,21,NY,Public,15,27000.0,43.000942,-78.789458,,,,,,,150219.0,61007
2015,Texas A&M University College Station,6940,22,TX,Public,15,38360.0,33.082787,-83.231962,,,,,,,99671.0,61007
2015,University of Florida,6751,23,FL,Public,15,28658.0,29.64629,-82.347911,,,,,,,42841.0,61007
2015,University of Wisconsin Madison,6440,24,WI,Public,15,38730.0,44.798284,-91.501906,,,,,,,,61007
2015,University of Pennsylvania,6221,25,PA,Private nonprofit,15,63452.0,39.950929,-75.19391,,,,,,,44841.0,61007
2016,New York University,17326,1,NY,Private nonprofit,15,58168.0,40.729452,-73.997264,35.0,39.0,46.0,1.0,0.38,3.58351893845611,151414.0,58663
2016,University of Southern California,14327,2,CA,Private nonprofit,15,63468.0,34.021281,-118.284169,111.0,152.0,151.0,1.0,0.42,4.718498871295094,489924.0,58663
2016,Columbia University,14096,3,NY,Private nonprofit,15,65524.0,36.087962,-80.250153,12.0,18.0,16.0,1.0,0.44,2.5649493574615367,151414.0,58663
2016,Northeastern University Boston,13201,4,MA,Private nonprofit,15,60192.0,42.339992,-71.088782,,,,,,,19380.0,58663
2016,Arizona State University Tempe,13164,5,AZ,Public,15,32100.0,34.74582,-92.28758,,,,,,,11380.0,58663
2016,University of Illinois Urbana-Champaign,12454,6,IL,Public,15,32000.0,40.104718,-88.229114,58.0,53.0,52.0,1.0,0.55,4.07753744390572,58305.0,58663
2016,University of California Los Angeles,12199,7,CA,Public,15,43473.0,34.07178,-118.442179,44.0,40.0,40.0,1.0,0.47,3.8066624897703196,489924.0,58663
2016,Purdue University West Lafayette,11288,8,IN,Public,15,28794.0,41.117278,-85.108962,,,,,,,9130.0,58663
2016,University of Texas Dallas,9305,9,TX,Public,15,30400.0,32.984673,-96.749702,,,,,,,102253.0,58663
2016,Pennsylvania State University University Park,9134,10,PA,Public,15,42000.0,40.358839,-75.97329,,,,,,,45880.0,58663
2016,University of California San Diego,9065,11,CA,Public,15,44009.0,32.877749,-117.235866,62.0,70.0,66.0,1.0,0.54,4.143134726391533,489924.0,58663
2016,Boston University,8992,12,MA,Private nonprofit,15,60050.0,42.351118,-71.107942,90.0,90.0,87.0,1.0,0.4,4.51085950651685,19380.0,58663
2016,University of Michigan Ann Arbor,8163,13,MI,Public,15,52266.0,42.278374,-83.73481,,,,,,,21130.0,58663
2016,University of Washington,8019,14,WA,Public,15,40740.0,38.302492,-77.476055,73.0,68.0,68.0,1.0,0.48,4.304065093204169,74723.0,58663
2016,University of California Berkeley,8000,15,CA,Public,15,44066.0,34.07178,-118.442179,12.0,28.0,28.0,1.0,0.55,2.5649493574615367,489924.0,58663
2016,Michigan State University,7779,16,MI,Public,15,39766.0,42.73212,-84.476111,301.0,339.0,318.0,1.0,0.4,5.71042701737487,21130.0,58663
2016,Ohio State University Columbus,7684,17,OH,Public,15,33502.0,32.50096,-84.94106,,,,,,,19130.0,58663
2016,Carnegie Mellon University,7653,18,PA,Private nonprofit,15,60452.0,40.44357,-79.941993,52.0,54.0,52.0,1.0,0.57,3.970291913552122,45880.0,58663
2016,Indiana University Bloomington,7502,19,IN,Public,15,37040.0,41.902678,-87.823003,,,,,,,9130.0,58663
2016,University of Texas Arlington,7277,20,TX,Public,15,28228.0,32.729718,-97.11296,,,,,,,102253.0,58663
2016,SUNY University at Buffalo,7252,21,NY,Public,15,27000.0,43.000942,-78.789458,,,,,,,151414.0,58663
2016,University of Minnesota Twin Cities,7197,22,MN,Public,15,33325.0,44.972851,-93.235464,,,,,,,10130.0,58663
2016,University of Florida,7107,23,FL,Public,15,28658.0,29.64629,-82.347911,,,,,,,44130.0,58663
2016,Texas A&M University College Station,6960,24,TX,Public,15,38360.0,33.082787,-83.231962,,,,,,,102253.0,58663
2016,University of California Irvine,6792,25,CA,Public,15,42692.0,33.648434,-117.841248,,,,,,,489924.0,58663
2017,New York University,17552,1,NY,Private nonprofit,15,58168.0,40.729452,-73.997264,35.0,39.0,46.0,1.0,0.38,3.58351893845611,152609.0,54555
2017,University of Southern California,16075,2,CA,Private nonprofit,15,63468.0,34.021281,-118.284169,111.0,152.0,151.0,1.0,0.42,4.718498871295094,493616.0,54555
2017,Northeastern University Boston,14905,3,MA,Private nonprofit,15,60192.0,42.339992,-71.088782,,,,,,,19920.0,54555
2017,Columbia University,14615,4,NY,Private nonprofit,15,65524.0,36.087962,-80.250153,12.0,18.0,16.0,1.0,0.44,2.5649493574615367,152609.0,54555
2017,Arizona State University Tempe,13459,5,AZ,Public,15,32100.0,34.74582,-92.28758,,,,,,,11920.0,54555
2017,University of Illinois Urbana-Champaign,13445,6,IL,Public,15,32000.0,40.104718,-88.229114,58.0,53.0,52.0,1.0,0.55,4.07753744390572,58870.0,54555
2017,University of California Los Angeles,12017,7,CA,Public,15,43473.0,34.07178,-118.442179,44.0,40.0,40.0,1.0,0.47,3.8066624897703196,493616.0,54555
2017,Purdue University West Lafayette,11044,8,IN,Public,15,28794.0,41.117278,-85.108962,,,,,,,9420.0,54555
2017,University of California San Diego,9883,9,CA,Public,15,44009.0,32.877749,-117.235866,62.0,70.0,66.0,1.0,0.54,4.143134726391533,493616.0,54555
2017,Boston University,9742,10,MA,Private nonprofit,15,60050.0,42.351118,-71.107942,90.0,90.0,87.0,1.0,0.4,4.51085950651685,19920.0,54555
2017,University of Texas Dallas,9713,11,TX,Public,15,30400.0,32.984673,-96.749702,,,,,,,104835.0,54555
2017,University of California Berkeley,9331,12,CA,Public,15,44066.0,34.07178,-118.442179,12.0,28.0,28.0,1.0,0.55,2.5649493574615367,493616.0,54555
2017,University of Washington,8902,13,WA,Public,15,40740.0,38.302492,-77.476055,73.0,68.0,68.0,1.0,0.48,4.304065093204169,76149.0,54555
2017,Pennsylvania State University University Park,8636,14,PA,Public,15,42000.0,40.358839,-75.97329,,,,,,,46920.0,54555
2017,Carnegie Mellon University,8604,15,PA,Private nonprofit,15,60452.0,40.44357,-79.941993,52.0,54.0,52.0,1.0,0.57,3.970291913552122,46920.0,54555
2017,University of Michigan Ann Arbor,8442,16,MI,Public,15,52266.0,42.278374,-83.73481,,,,,,,21420.0,54555
2017,University of California Irvine,7902,17,CA,Public,15,42692.0,33.648434,-117.841248,,,,,,,493616.0,54555
2017,Michigan State University,7624,18,MI,Public,15,39766.0,42.73212,-84.476111,301.0,339.0,318.0,1.0,0.4,5.71042701737487,21420.0,54555
2017,Indiana University Bloomington,7343,19,IN,Public,15,37040.0,41.902678,-87.823003,,,,,,,9420.0,54555
2017,University of California Davis,7316,20,CA,Public,15,44009.0,38.539667,-121.749567,,,,,,,493616.0,54555
2017,University of Minnesota Twin Cities,7212,21,MN,Public,15,33325.0,44.972851,-93.235464,,,,,,,10420.0,54555
2017,SUNY University at Buffalo,7126,22,NY,Public,15,27000.0,43.000942,-78.789458,,,,,,,152609.0,54555
2017,Ohio State University Columbus,7110,23,OH,Public,15,33502.0,32.50096,-84.94106,,,,,,,19420.0,54555
2017,University of Wisconsin Madison,7080,24,WI,Public,15,38730.0,44.798284,-91.501906,,,,,,,,54555
2017,Texas A&M University College Station,6894,25,TX,Public,15,38360.0,33.082787,-83.231962,,,,,,,104835.0,54555
2018,New York University,19605,1,NY,Private nonprofit,15,58168.0,40.729452,-73.997264,35.0,39.0,46.0,1.0,0.38,3.58351893845611,153804.0,52250
2018,University of Southern California,16340,2,CA,Private nonprofit,15,63468.0,34.021281,-118.284169,111.0,152.0,151.0,1.0,0.42,4.718498871295094,497308.0,52250
2018,Northeastern University Boston,16075,3,MA,Private nonprofit,15,60192.0,42.339992,-71.088782,,,,,,,20460.0,52250
2018,Columbia University,15897,4,NY,Private nonprofit,15,65524.0,36.087962,-80.250153,12.0,18.0,16.0,1.0,0.44,2.5649493574615367,153804.0,52250
2018,University of Illinois Urbana-Champaign,13497,5,IL,Public,15,32000.0,40.104718,-88.229114,58.0,53.0,52.0,1.0,0.55,4.07753744390572,59435.0,52250
2018,Arizona State University Tempe,13324,6,AZ,Public,15,32100.0,34.74582,-92.28758,,,,,,,12460.0,52250
2018,University of California Los Angeles,11942,7,CA,Public,15,43473.0,34.07178,-118.442179,44.0,40.0,40.0,1.0,0.47,3.8066624897703196,497308.0,52250
2018,Purdue University West Lafayette,10943,8,IN,Public,15,28794.0,41.117278,-85.108962,,,,,,,9710.0,52250
2018,University of California San Diego,10652,9,CA,Public,15,44009.0,32.877749,-117.235866,62.0,70.0,66.0,1.0,0.54,4.143134726391533,497308.0,52250
2018,Boston University,10598,10,MA,Private nonprofit,15,60050.0,42.351118,-71.107942,90.0,90.0,87.0,1.0,0.4,4.51085950651685,20460.0,52250
2018,University of California Berkeley,10063,11,CA,Public,15,44066.0,34.07178,-118.442179,12.0,28.0,28.0,1.0,0.55,2.5649493574615367,497308.0,52250
2018,University of Texas Dallas,9401,12,TX,Public,15,30400.0,32.984673,-96.749702,,,,,,,107417.0,52250
2018,Pennsylvania State University University Park,9396,13,PA,Public,15,42000.0,40.358839,-75.97329,,,,,,,47960.0,52250
2018,University of Washington,9311,14,WA,Public,15,40740.0,38.302492,-77.476055,73.0,68.0,68.0,1.0,0.48,4.304065093204169,77574.0,52250
2018,University of Michigan Ann Arbor,8726,15,MI,Public,15,52266.0,42.278374,-83.73481,,,,,,,21710.0,52250
2018,Carnegie Mellon University,8669,16,PA,Private nonprofit,15,60452.0,40.44357,-79.941993,52.0,54.0,52.0,1.0,0.57,3.970291913552122,47960.0,52250
2018,University of California Irvine,8064,17,CA,Public,15,42692.0,33.648434,-117.841248,,,,,,,497308.0,52250
2018,University of California Davis,8048,18,CA,Public,15,44009.0,38.539667,-121.749567,,,,,,,497308.0,52250
2018,Ohio State University Columbus,8020,19,OH,Public,15,33502.0,32.50096,-84.94106,,,,,,,19710.0,52250
2018,Cornell University,7214,20,NY,Private nonprofit,15,63200.0,42.4472,-76.483084,,,,,,,153804.0,52250
2018,University of Wisconsin Madison,7189,21,WI,Public,15,38730.0,44.798284,-91.501906,,,,,,,,52250
2018,Texas A&M University College Station,7163,22,TX,Public,15,38360.0,33.082787,-83.231962,,,,,,,107417.0,52250
2018,SUNY University at Buffalo,7121,23,NY,Public,15,27000.0,43.000942,-78.789458,,,,,,,153804.0,52250
2018,University of Pennsylvania,7062,24,PA,Private nonprofit,15,63452.0,39.950929,-75.19391,,,,,,,47960.0,52250
2018,Michigan State University,7052,25,MI,Public,15,39766.0,42.73212,-84.476111,301.0,339.0,318.0,1.0,0.4,5.71042701737487,21710.0,52250
2019,New York University,21093,1,NY,Private nonprofit,15,58168.0,40.729452,-73.997264,35.0,39.0,46.0,1.0,0.38,3.58351893845611,155000.0,49809
2019,Northeastern University Boston,17491,2,MA,Private nonprofit,15,60192.0,42.339992,-71.088782,,,,,,,21000.0,49809
2019,University of Southern California,17309,3,CA,Private nonprofit,15,63468.0,34.021281,-118.284169,111.0,152.0,151.0,1.0,0.42,4.718498871295094,501000.0,49809
2019,Columbia University,17145,4,NY,Private nonprofit,15,65524.0,36.087962,-80.250153,12.0,18.0,16.0,1.0,0.44,2.5649493574615367,155000.0,49809
2019,University of Illinois Urbana-Champaign,13962,5,IL,Public,15,32000.0,40.104718,-88.229114,58.0,53.0,52.0,1.0,0.55,4.07753744390572,60000.0,49809
2019,Arizona State University Tempe,13136,6,AZ,Public,15,32100.0,34.74582,-92.28758,,,,,,,13000.0,49809
2019,University of California Los Angeles,11447,7,CA,Public,15,43473.0,34.07178,-118.442179,44.0,40.0,40.0,1.0,0.47,3.8066624897703196,501000.0,49809
2019,University of California San Diego,11272,8,CA,Public,15,44009.0,32.877749,-117.235866,62.0,70.0,66.0,1.0,0.54,4.143134726391533,501000.0,49809
2019,Purdue University West Lafayette,11173,9,IN,Public,15,28794.0,41.117278,-85.108962,,,,,,,10000.0,49809
2019,Boston University,11158,10,MA,Private nonprofit,15,60050.0,42.351118,-71.107942,90.0,90.0,87.0,1.0,0.4,4.51085950651685,21000.0,49809
2019,University of California Berkeley,10695,11,CA,Public,15,44066.0,34.07178,-118.442179,12.0,28.0,28.0,1.0,0.55,2.5649493574615367,501000.0,49809
2019,Pennsylvania State University University Park,9244,12,PA,Public,15,42000.0,40.358839,-75.97329,,,,,,,49000.0,49809
2019,University of Washington,9236,13,WA,Public,15,40740.0,38.302492,-77.476055,73.0,68.0,68.0,1.0,0.48,4.304065093204169,79000.0,49809
2019,University of Michigan Ann Arbor,9000,14,MI,Public,15,52266.0,42.278374,-83.73481,,,,,,,22000.0,49809
2019,University of Texas Dallas,8787,15,TX,Public,15,30400.0,32.984673,-96.749702,,,,,,,110000.0,49809
2019,University of California Irvine,8773,16,CA,Public,15,42692.0,33.648434,-117.841248,,,,,,,501000.0,49809
2019,Carnegie Mellon University,8694,17,PA,Private nonprofit,15,60452.0,40.44357,-79.941993,52.0,54.0,52.0,1.0,0.57,3.970291913552122,49000.0,49809
2019,University of California Davis,7919,18,CA,Public,15,44009.0,38.539667,-121.749567,,,,,,,501000.0,49809
2019,Ohio State University Columbus,7894,19,OH,Public,15,33502.0,32.50096,-84.94106,,,,,,,20000.0,49809
2019,Cornell University,7623,20,NY,Private nonprofit,15,63200.0,42.4472,-76.483084,,,,,,,155000.0,49809
2019,Texas A&M University College Station,7370,21,TX,Public,15,38360.0,33.082787,-83.231962,,,,,,,110000.0,49809
2019,University of Pennsylvania,7263,22,PA,Private nonprofit,15,63452.0,39.950929,-75.19391,,,,,,,49000.0,49809
2019,Rutgers University New Brunswick,7261,23,NJ,Public,15,32000.0,40.498769,-74.446251,,,,,,,116000.0,49809
2019,University of Wisconsin Madison,7217,24,WI,Public,15,38730.0,44.798284,-91.501906,,,,,,,,49809
2019,University of Florida,7172,25,FL,Public,15,28658.0,29.64629,-82.347911,,,,,,,48000.0,49809
2020,New York University,17050,1,NY,Private nonprofit,15,58168.0,40.729452,-73.997264,35.0,39.0,46.0,1.0,0.38,3.58351893845611,152666.0,39491
2020,Northeastern University Boston,15880,2,MA,Private nonprofit,15,60192.0,42.339992,-71.088782,,,,,,,20666.0,39491
2020,Columbia University,15015,3,NY,Private nonprofit,15,65524.0,36.087962,-80.250153,12.0,18.0,16.0,1.0,0.44,2.5649493574615367,152666.0,39491
2020,University of Southern California,14992,4,CA,Private nonprofit,15,63468.0,34.021281,-118.284169,111.0,152.0,151.0,1.0,0.42,4.718498871295094,497000.0,39491
2020,Arizona State University Tempe,13015,5,AZ,Public,15,32100.0,34.74582,-92.28758,,,,,,,13166.0,39491
2020,University of Illinois Urbana-Champaign,12838,6,IL,Public,15,32000.0,40.104718,-88.229114,58.0,53.0,52.0,1.0,0.55,4.07753744390572,59000.0,39491
2020,University of California San Diego,10824,7,CA,Public,15,44009.0,32.877749,-117.235866,62.0,70.0,66.0,1.0,0.54,4.143134726391533,497000.0,39491
2020,Boston University,10646,8,MA,Private nonprofit,15,60050.0,42.351118,-71.107942,90.0,90.0,87.0,1.0,0.4,4.51085950651685,20666.0,39491
2020,Purdue University West Lafayette,10500,9,IN,Public,15,28794.0,41.117278,-85.108962,,,,,,,10000.0,39491
2020,University of California Los Angeles,10273,10,CA,Public,15,43473.0,34.07178,-118.442179,44.0,40.0,40.0,1.0,0.47,3.8066624897703196,497000.0,39491
2020,University of California Berkeley,9184,11,CA,Public,15,44066.0,34.07178,-118.442179,12.0,28.0,28.0,1.0,0.55,2.5649493574615367,497000.0,39491
2020,University of Washington,8777,12,WA,Public,15,40740.0,38.302492,-77.476055,73.0,68.0,68.0,1.0,0.48,4.304065093204169,78333.0,39491
2020,University of Texas Dallas,8475,13,TX,Public,15,30400.0,32.984673,-96.749702,,,,,,,109000.0,39491
2020,Pennsylvania State University University Park,8267,14,PA,Public,15,42000.0,40.358839,-75.97329,,,,,,,48333.0,39491
2020,University of Michigan Ann Arbor,8252,15,MI,Public,15,52266.0,42.278374,-83.73481,,,,,,,21666.0,39491
2020,University of California Irvine,7766,16,CA,Public,15,42692.0,33.648434,-117.841248,,,,,,,497000.0,39491
2020,University of California Davis,7422,17,CA,Public,15,44009.0,38.539667,-121.749567,,,,,,,497000.0,39491
2020,Carnegie Mellon University,7396,18,PA,Private nonprofit,15,60452.0,40.44357,-79.941993,52.0,54.0,52.0,1.0,0.57,3.970291913552122,48333.0,39491
2020,University of Wisconsin Madison,7139,19,WI,Public,15,38730.0,44.798284,-91.501906,,,,,,,,39491
2020,Ohio State University Columbus,6865,20,OH,Public,15,33502.0,32.50096,-84.94106,,,,,,,19833.0,39491
2020,Johns Hopkins University,6723,21,MD,Private nonprofit,15,60480.0,39.328977,-76.621595,,,,,,,76666.0,39491
2020,Cornell University,6692,22,NY,Private nonprofit,15,63200.0,42.4472,-76.483084,,,,,,,152666.0,39491
2020,University of Pennsylvania,6562,23,PA,Private nonprofit,15,63452.0,39.950929,-75.19391,,,,,,,48333.0,39491
2020,Rutgers University New Brunswick,6554,24,NJ,Public,15,32000.0,40.498769,-74.446251,,,,,,,114000.0,39491
2020,Texas A&M University College Station,6511,25,TX,Public,15,38360.0,33.082787,-83.231962,,,,,,,109000.0,39491
2021,New York University,21081,1,NY,Private nonprofit,15,58168.0,40.729452,-73.997264,35.0,39.0,46.0,1.0,0.38,3.58351893845611,150333.0,40755
2021,Northeastern University Boston,17836,2,MA,Private nonprofit,15,60192.0,42.339992,-71.088782,,,,,,,20333.0,40755
2021,Columbia University,16956,3,NY,Private nonprofit,15,65524.0,36.087962,-80.250153,12.0,18.0,16.0,1.0,0.44,2.5649493574615367,150333.0,40755
2021,University of Southern California,15729,4,CA,Private nonprofit,15,63468.0,34.021281,-118.284169,111.0,152.0,151.0,1.0,0.42,4.718498871295094,493000.0,40755
2021,Arizona State University Campus Immersion,15293,5,AZ,Public,15,32100.0,33.417721,-111.934383,,,,,,,13333.0,40755
2021,University of Illinois Urbana-Champaign,12833,6,IL,Public,15,32000.0,40.104718,-88.229114,58.0,53.0,52.0,1.0,0.55,4.07753744390572,58000.0,40755
2021,Boston University,11798,7,MA,Private nonprofit,15,60050.0,42.351118,-71.107942,90.0,90.0,87.0,1.0,0.4,4.51085950651685,20333.0,40755
2021,University of California San Diego,11279,8,CA,Public,15,44009.0,32.877749,-117.235866,62.0,70.0,66.0,1.0,0.54,4.143134726391533,493000.0,40755
2021,Purdue University West Lafayette,11198,9,IN,Public,15,28794.0,41.117278,-85.108962,,,,,,,10000.0,40755
2021,University of California Los Angeles,10990,10,CA,Public,15,43473.0,34.07178,-118.442179,44.0,40.0,40.0,1.0,0.47,3.8066624897703196,493000.0,40755
2021,University of California Berkeley,10664,11,CA,Public,15,44066.0,34.07178,-118.442179,12.0,28.0,28.0,1.0,0.55,2.5649493574615367,493000.0,40755
2021,University of Michigan Ann Arbor,9349,12,MI,Public,15,52266.0,42.278374,-83.73481,,,,,,,21333.0,40755
2021,Pennsylvania State University University Park,9313,13,PA,Public,15,42000.0,40.358839,-75.97329,,,,,,,47666.0,40755
2021,University of Washington,8682,14,WA,Public,15,40740.0,38.302492,-77.476055,73.0,68.0,68.0,1.0,0.48,4.304065093204169,77666.0,40755
2021,Carnegie Mellon University,8196,15,PA,Private nonprofit,15,60452.0,40.44357,-79.941993,52.0,54.0,52.0,1.0,0.57,3.970291913552122,47666.0,40755
2021,Georgia Institute of Technology,8040,16,GA,Public,15,33794.0,28.065773,-80.623123,88.0,88.0,70.0,1.0,0.64,4.48863636973214,69000.0,40755
2021,Johns Hopkins University,7893,17,MD,Private nonprofit,15,60480.0,39.328977,-76.621595,,,,,,,75333.0,40755
2021,University of California Irvine,7888,18,CA,Public,15,42692.0,33.648434,-117.841248,,,,,,,493000.0,40755
2021,University of Texas Dallas,7741,19,TX,Public,15,30400.0,32.984673,-96.749702,,,,,,,108000.0,40755
2021,University of Wisconsin Madison,7686,20,WI,Public,15,38730.0,44.798284,-91.501906,,,,,,,,40755
2021,Cornell University,7579,21,NY,Private nonprofit,15,63200.0,42.4472,-76.483084,,,,,,,150333.0,40755
2021,University of California Davis,7505,22,CA,Public,15,44009.0,38.539667,-121.749567,,,,,,,493000.0,40755
2021,University of Pennsylvania,7400,23,PA,Private nonprofit,15,63452.0,39.950929,-75.19391,,,,,,,47666.0,40755
2021,Texas A&M University College Station,7162,24,TX,Public,15,38360.0,33.082787,-83.231962,,,,,,,108000.0,40755
2021,SUNY University at Buffalo,6723,25,NY,Public,15,27000.0,43.000942,-78.789458,,,,,,,150333.0,40755
2022,New York University,24496,1,NY,Private nonprofit,15,58168.0,40.729452,-73.997264,35.0,39.0,46.0,1.0,0.38,3.58351893845611,148000.0,43847
2022,Northeastern University Boston,20637,2,MA,Private nonprofit,15,60192.0,42.339992,-71.088782,,,,,,,20000.0,43847
2022,Columbia University,19001,3,NY,Private nonprofit,15,65524.0,36.087962,-80.250153,12.0,18.0,16.0,1.0,0.44,2.5649493574615367,148000.0,43847
2022,Arizona State University Campus Immersion,17981,4,AZ,Public,15,32100.0,33.417721,-111.934383,,,,,,,13500.0,43847
2022,University of Southern California,17264,5,CA,Private nonprofit,15,63468.0,34.021281,-118.284169,111.0,152.0,151.0,1.0,0.42,4.718498871295094,489000.0,43847
2022,University of Illinois Urbana-Champaign,14680,6,IL,Public,15,32000.0,40.104718,-88.229114,58.0,53.0,52.0,1.0,0.55,4.07753744390572,57000.0,43847
2022,Boston University,13281,7,MA,Private nonprofit,15,60050.0,42.351118,-71.107942,90.0,90.0,87.0,1.0,0.4,4.51085950651685,20000.0,43847
2022,Purdue University West Lafayette,11872,8,IN,Public,15,28794.0,41.117278,-85.108962,,,,,,,10000.0,43847
2022,University of California Berkeley,11719,9,CA,Public,15,44066.0,34.07178,-118.442179,12.0,28.0,28.0,1.0,0.55,2.5649493574615367,489000.0,43847
2022,University of California San Diego,10431,10,CA,Public,15,44009.0,32.877749,-117.235866,62.0,70.0,66.0,1.0,0.54,4.143134726391533,489000.0,43847
2022,University of Michigan Ann Arbor,10411,11,MI,Public,15,52266.0,42.278374,-83.73481,,,,,,,21000.0,43847
2022,University of Washington,10198,12,WA,Public,15,40740.0,38.302492,-77.476055,73.0,68.0,68.0,1.0,0.48,4.304065093204169,77000.0,43847
2022,University of California Los Angeles,9725,13,CA,Public,15,43473.0,34.07178,-118.442179,44.0,40.0,40.0,1.0,0.47,3.8066624897703196,489000.0,43847
2022,University of Texas Dallas,9582,14,TX,Public,15,30400.0,32.984673,-96.749702,,,,,,,107000.0,43847
2022,Johns Hopkins University,9322,15,MD,Private nonprofit,15,60480.0,39.328977,-76.621595,,,,,,,74000.0,43847
2022,Pennsylvania State University University Park,9161,16,PA,Public,15,42000.0,40.358839,-75.97329,,,,,,,47000.0,43847
2022,Carnegie Mellon University,9009,17,PA,Private nonprofit,15,60452.0,40.44357,-79.941993,52.0,54.0,52.0,1.0,0.57,3.970291913552122,47000.0,43847
2022,University of California Irvine,8984,18,CA,Public,15,42692.0,33.648434,-117.841248,,,,,,,489000.0,43847
2022,University of Pennsylvania,8614,19,PA,Private nonprofit,15,63452.0,39.950929,-75.19391,,,,,,,47000.0,43847
2022,University of Wisconsin Madison,8567,20,WI,Public,15,38730.0,44.798284,-91.501906,,,,,,,,43847
2022,Cornell University,8403,21,NY,Private nonprofit,15,63200.0,42.4472,-76.483084,,,,,,,148000.0,43847
2022,University of North Texas,8200,22,TX,Public,16,22000.0,33.211178,-97.148422,,,,,,,107000.0,43847
2022,SUNY University at Buffalo,7696,23,NY,Public,15,27000.0,43.000942,-78.789458,,,,,,,148000.0,43847
2022,Georgia Institute of Technology,7671,24,GA,Public,15,33794.0,28.065773,-80.623123,88.0,88.0,70.0,1.0,0.64,4.48863636973214,68000.0,43847
2022,University of California Davis,7621,25,CA,Public,15,44009.0,38.539667,-121.749567,,,,,,,489000.0,43847
2023,New York University,27247,1,NY,Private nonprofit,15,58168.0,40.729452,-73.997264,35.0,39.0,46.0,1.0,0.38,3.58351893845611,148000.0,43149
2023,Northeastern University Boston,21023,2,MA,Private nonprofit,15,60192.0,42.339992,-71.088782,,,,,,,20000.0,43149
2023,Columbia University,20321,3,NY,Private nonprofit,15,65524.0,36.087962,-80.250153,12.0,18.0,16.0,1.0,0.44,2.5649493574615367,148000.0,43149
2023,Arizona State University Campus Immersion,18430,4,AZ,Public,15,32100.0,33.417721,-111.934383,,,,,,,13500.0,43149
2023,University of Southern California,17469,5,CA,Private nonprofit,15,63468.0,34.021281,-118.284169,111.0,152.0,151.0,1.0,0.42,4.718498871295094,489000.0,43149
2023,University of Illinois Urbana-Champaign,15376,6,IL,Public,15,32000.0,40.104718,-88.229114,58.0,53.0,52.0,1.0,0.55,4.07753744390572,57000.0,43149
2023,Boston University,12853,7,MA,Private nonprofit,15,60050.0,42.351118,-71.107942,90.0,90.0,87.0,1.0,0.4,4.51085950651685,20000.0,43149
2023,University of California Berkeley,12441,8,CA,Public,15,44066.0,34.07178,-118.442179,12.0,28.0,28.0,1.0,0.55,2.5649493574615367,489000.0,43149
2023,Purdue University West Lafayette,12181,9,IN,Public,15,28794.0,41.117278,-85.108962,,,,,,,10000.0,43149
2023,University of North Texas,11917,10,TX,Public,16,22000.0,33.211178,-97.148422,,,,,,,107000.0,43149
2023,University of Michigan Ann Arbor,11766,11,MI,Public,15,52266.0,42.278374,-83.73481,,,,,,,21000.0,43149
2023,University of Washington,10720,12,WA,Public,15,40740.0,38.302492,-77.476055,73.0,68.0,68.0,1.0,0.48,4.304065093204169,77000.0,43149
2023,University of Texas Dallas,10491,13,TX,Public,15,30400.0,32.984673,-96.749702,,,,,,,107000.0,43149
2023,University of California San Diego,10467,14,CA,Public,15,44009.0,32.877749,-117.235866,62.0,70.0,66.0,1.0,0.54,4.143134726391533,489000.0,43149
2023,University of California Los Angeles,10446,15,CA,Public,15,43473.0,34.07178,-118.442179,44.0,40.0,40.0,1.0,0.47,3.8066624897703196,489000.0,43149
2023,Johns Hopkins University,10054,16,MD,Private nonprofit,15,60480.0,39.328977,-76.621595,,,,,,,74000.0,43149
2023,Carnegie Mellon University,9607,17,PA,Private nonprofit,15,60452.0,40.44357,-79.941993,52.0,54.0,52.0,1.0,0.57,3.970291913552122,47000.0,43149
2023,University of Wisconsin Madison,9526,18,WI,Public,15,38730.0,44.798284,-91.501906,,,,,,,,43149
2023,Pennsylvania State University University Park,9093,19,PA,Public,15,42000.0,40.358839,-75.97329,,,,,,,47000.0,43149
2023,Cornell University,9091,20,NY,Private nonprofit,15,63200.0,42.4472,-76.483084,,,,,,,148000.0,43149
2023,University of Pennsylvania,8956,21,PA,Private nonprofit,15,63452.0,39.950929,-75.19391,,,,,,,47000.0,43149
2023,University of California Irvine,8748,22,CA,Public,15,42692.0,33.648434,-117.841248,,,,,,,489000.0,43149
2023,University of Texas Arlington,8407,23,TX,Public,15,28228.0,32.729718,-97.11296,,,,,,,107000.0,43149
2023,SUNY University at Buffalo,8380,24,NY,Public,15,27000.0,43.000942,-78.789458,,,,,,,148000.0,43149
2023,Georgia Institute of Technology,8148,25,GA,Public,15,33794.0,28.065773,-80.623123,88.0,88.0,70.0,1.0,0.64,4.48863636973214,68000.0,43149
2024,New York University,27532,1,NY,Private nonprofit,15,58168.0,40.729452,-73.997264,35.0,39.0,46.0,1.0,0.38,3.58351893845611,148000.0,42293
2024,Northeastern University Boston,22465,2,MA,Private nonprofit,15,60192.0,42.339992,-71.088782,,,,,,,20000.0,42293
2024,Columbia University,20733,3,NY,Private nonprofit,15,65524.0,36.087962,-80.250153,12.0,18.0,16.0,1.0,0.44,2.5649493574615367,148000.0,42293
2024,Arizona State University Campus Immersion,20368,4,AZ,Public,15,32100.0,33.417721,-111.934383,,,,,,,13500.0,42293
2024,University of Southern California,17884,5,CA,Private nonprofit,15,63468.0,34.021281,-118.284169,111.0,152.0,151.0,1.0,0.42,4.718498871295094,489000.0,42293
2024,University of Illinois Urbana-Champaign,16144,6,IL,Public,15,32000.0,40.104718,-88.229114,58.0,53.0,52.0,1.0,0.55,4.07753744390572,57000.0,42293
2024,University of North Texas,12982,7,TX,Public,16,22000.0,33.211178,-97.148422,,,,,,,107000.0,42293
2024,Purdue University West Lafayette,12874,8,IN,Public,15,28794.0,41.117278,-85.108962,,,,,,,10000.0,42293
2024,Boston University,12845,9,MA,Private nonprofit,15,60050.0,42.351118,-71.107942,90.0,90.0,87.0,1.0,0.4,4.51085950651685,20000.0,42293
2024,University of California Berkeley,12020,10,CA,Public,15,44066.0,34.07178,-118.442179,12.0,28.0,28.0,1.0,0.55,2.5649493574615367,489000.0,42293
2024,University of Michigan Ann Arbor,11929,11,MI,Public,15,52266.0,42.278374,-83.73481,,,,,,,21000.0,42293
2024,University of Washington,10962,12,WA,Public,15,40740.0,38.302492,-77.476055,73.0,68.0,68.0,1.0,0.48,4.304065093204169,77000.0,42293
2024,Johns Hopkins University,10863,13,MD,Private nonprofit,15,60480.0,39.328977,-76.621595,,,,,,,74000.0,42293
2024,University of California Los Angeles,10769,14,CA,Public,15,43473.0,34.07178,-118.442179,44.0,40.0,40.0,1.0,0.47,3.8066624897703196,489000.0,42293
2024,University of California San Diego,10545,15,CA,Public,15,44009.0,32.877749,-117.235866,62.0,70.0,66.0,1.0,0.54,4.143134726391533,489000.0,42293
2024,University of Texas Dallas,10280,16,TX,Public,15,30400.0,32.984673,-96.749702,,,,,,,107000.0,42293
2024,Carnegie Mellon University,9836,17,PA,Private nonprofit,15,60452.0,40.44357,-79.941993,52.0,54.0,52.0,1.0,0.57,3.970291913552122,47000.0,42293
2024,University of Wisconsin Madison,9769,18,WI,Public,15,38730.0,44.798284,-91.501906,,,,,,,,42293
2024,University of Pennsylvania,9143,19,PA,Private nonprofit,15,63452.0,39.950929,-75.19391,,,,,,,47000.0,42293
2024,SUNY University at Buffalo,9033,20,NY,Public,15,27000.0,43.000942,-78.789458,,,,,,,148000.0,42293
2024,Cornell University,8790,21,NY,Private nonprofit,15,63200.0,42.4472,-76.483084,,,,,,,148000.0,42293
2024,Georgia Institute of Technology,8756,22,GA,Public,15,33794.0,28.065773,-80.623123,88.0,88.0,70.0,1.0,0.64,4.48863636973214,68000.0,42293
2024,Pennsylvania State University University Park,8739,23,PA,Public,15,42000.0,40.358839,-75.97329,,,,,,,47000.0,42293
2024,Harvard University,8110,24,MA,Private nonprofit,15,56550.0,42.374471,-71.118313,4.0,3.0,3.0,1.0,0.42,1.6094379124341003,20000.0,42293
2024,University of Texas Arlington,7864,25,TX,Public,15,28228.0,32.729718,-97.11296,,,,,,,107000.0,42293
